--Заповнення таблиць
USE SMART_HEAT

--Таблиця "Райони міста" 
--  потрібно заповнити стовпці:
--    * "Назва району"
Insert into Districts (DistrictName) values
('Довгинцівський'),
('Інгулецький'),
('Металургійний'),
('Покровський'),
('Саксаганський'),
('Тернівський'),
('Центрально-Міський')

--Таблиця "Вулиці міста" (потрібно заповнити стовпці "Назва вулиці" та "ID району")
--  потрібно заповнити стовпці:
--    * "Назва вулиці"
--    * "ID району"
Insert into Streets (StreetName, District) values
('', ),
('', ),
('', ),
('', ),
('', ),
('', ),
('', ),
('', ),
('', ),
('', ),
('', ),
('', ),
('', ),
('', )

--Таблиця "Види будівель" 
--  потрібно заповнити стовпці:
--    * Вид будівлі
Insert into Building_types (BuildingTypeName) values
('Житловий будинок'),
('Заклад дошкільної освіти'),
('Заклад середньої освіти'),
('Заклад вищої освіти'),
('Заклад спеціальної освіти'),
('Лікарня'),
('Нежитловий будинок')

--Таблиця "Адреси"
--  потрібно заповнити стовпці:
--    * ID вулиці
--    * Номер будинку
--    * Номер квартири
--    * Номер офісу
--    * ID виду будівлі
--    * Назва закладу
Insert into Addresses (Street, House, Flat, Office, BuildingType, EstablishmentName) values
( , '', '', , , ''),
( , '', '', , , ''),
( , '', '', , , ''),
( , '', '', , , ''),
( , '', '', , , ''),
( , '', '', , , ''),
( , '', '', , , ''),
( , '', '', , , ''),
( , '', '', , , ''),
( , '', '', , , ''),
( , '', '', , , ''),
( , '', '', , , ''),
( , '', '', , , ''),
( , '', '', , , ''),
( , '', '', , , ''),
( , '', '', , , ''),
( , '', '', , , ''),
( , '', '', , , ''),
( , '', '', , , ''),
( , '', '', , , ''),
( , '', '', , , ''),
( , '', '', , , ''),
( , '', '', , , ''),
( , '', '', , , ''),
( , '', '', , , '')

--Таблиця "Типи датчиків"
--  потрібно заповнити стовпці:
--    * Назва типу датчика 
Insert into SensorTypes (SensorTypeName) values
('Температури повітря'),
('Тиску'),
('Температури теплоносія')

--Таблиця "Датчики"
--  потрібно заповнити стовпці:
--    * ID типу датчика
--    * ID адреси
Insert into Sensors (SensorID, SensorType, SensorAddress) values
(1, ),
(2, ),
(3, ),
(1, ),
(2, ),
(3, )


--Таблиця "Показники"
--  потрібно заповнити стовпці:
--    * ID датчика
--    * Дата та час, зняття показника
--    * Значення показника
Insert into Indicators (Sensor, IndDate, Indicator) values
(3, '2023-12-02', ),
(4, '2023-12-03', ),
(2, '2023-12-06', ),
(5, '2023-12-08', ),
(2, '2023-12-10', ),
(6, '2023-12-11', ),
(1, '2023-12-12', ),
(3, '2023-12-13', ),
(5, '2023-12-14', ),
(4, '2023-12-15', )

--Таблиця "Дані користувачів"
--  потрібно заповнити стовпці:
--    * Прізвище
--    * Ім'я
--    * По-батькові
--    * Стать
--    * Дата народження
--    * Номер телефону
--    * Резервний номер телефону
--    * ID адреси, за якою проживає людина
Insert into PersonData (Surname, PrsnName, SecondName, Gender, BirthDate, PhoneNumber, RsrvPhoneNumber, AddressInfo) values
('Кублік', 'Денис', 'Дмитрович', 'М', '1997-08-22', '+380505861242', Null, Null),           -- Адміни
('Клипка', 'Дарія', 'Володимирівна', 'Ж', '1997-04-17', '+380669953366', Null, Null),
('Желтуха', 'Владислав', 'Володимирович', 'М', '1999-04-18', '+380977758869', Null, Null),  -- Персонал
('Гаченко', 'Артем', 'Ігорович', 'М', '1966-11-23', '+380672558777', Null, Null),
('Степанюк', 'Дмитро', 'Іванович', 'М', '1985-05-31', '+380686662255', Null, Null),
('Бойко', 'Семен', 'Владиславович', 'М', '1984-09-15', '+380697758811', Null, Null),
('Максимов', 'Ігор', 'Валерійович', 'М', '1997-05-12', '+380971113366', Null, Null),
('Макаренко', 'Сергій', 'Денисович', 'М', '1987-06-23', '+380502588666', Null, Null),
('Крилеко', 'Василь', 'Дмитрович', 'М', '1989-01-24', '+380665558877', Null, ),         -- ОМС 
('Савченко', 'Ілля', 'Семенович', 'М', '1990-11-20', '+380984442266', Null, ),
('Карпов', 'Владислав', 'Вікторович', 'М', '1988-03-23', '+380503332456', Null, ),
('Пугач', 'Данило', 'Аркадійович', 'М', '1998-06-11', '+380667754331', Null, ),    -- ОРС
('Вєтров', 'Іван', 'Сергійович', 'М', '1978-07-30', '+380680009765', Null, ),
('Стус', 'Світлана', 'Артемівна', 'Ж', '1982-03-12', '+380663469954', Null, ),                              
('Тесла', 'Степан', 'Макcимович', 'М', '1982-12-09', '+380505785212', Null, ),
('Василець', 'Ольга', 'Кирилівна', 'Ж', '1991-04-28', '+380974853217', Null, ),
('Кузьмова', 'Александра', 'Вікторівна', 'Ж', '1972-12-06', '+380674315269', Null, ), -- ОСББ
('Столяренко', 'Ірина', 'Денисівна', 'Ж', '1976-09-20', '+380665512236', Null, ),
('Брозинський', 'Андрій', 'Васильович', 'М', '1983-04-14', '+380504444451', Null, ),
('Кривенко', 'Аркадій', 'Вікторович', 'М', '1984-01-21', '+380634657533', Null, ),
('Тесленко', 'Дмитро', 'Богданович', 'М', '', '+380973344445', Null, ),       -- Звичайні юзери
('Івасенко', 'Анастасія', 'Романівна', 'Ж', '1998-02-18', '+380988888654', Null, ),
('Петренко', 'Максим', 'Леонідович', 'М', '1996-12-03', '+380677543460', Null, ),
('Ткаченко', 'Ярослав', 'Олександрович', 'М', '1969-10-12', '+380970000876', Null, ),
('Тиква', 'Анастасія', 'Артемівна', 'Ж', '1999-01-27', '+380507778862', Null, )

--Таблиця "Користувачі"
--  потрібно заповнити стовпці:
--    * ID Людини
--    * Логін користувача
--    * Пароль користувача
Insert into Users (PersonID, UserLogin, UserPassword) values
( 1, 'YorYNGSteO', 'S27kF6rAW0NI2TxtGfEK'),   -- Адміни
( 2, 'CuRYPErice', 'Jzi24981P0ibAymmjc8G'),
( 3, 'iTaTEReAnA', '0iJpm159pymENyRctZe2'),   -- Персонал
( 4, 'EXoRKSkiMi', 'T6q2Y8FfL00BDeTIk5T5'),
( 5, 'aRthANoRtI', '27VAl31ah73ZcnrWt9JI'),
( 6, 'LenCiteAdi', 'rE67Tcn72Lr7nEEes68q'),
( 7, 'IgMusCranD', '79XnB45gDaOdpjndbdQz'),
( 8, 'ulEurAMulK', '2x6ZSOy8EmyM2MiIM2wJ'),
( 9, 'uNedICTIpT', 'D3w5R2l8Caeup6fpAedY'),   -- ОМС
( 10, 'pLESTArgIN', 'w1L20fahn6G2jrqWfpav'),
( 11, 'ViLvApHoUT', '3d2H4xGzBivu4kq7C7Ek'),
( 12, 'EgrateryAn', 'lM348MxJMV4EV2XpHTn9'),  -- ОРС
( 13, 'PloTIcIChr', 'iH0j3k54UO6u6c489E4h'),
( 14, 'IShriAndHa', '55xfVM1WGzTj0INOlLSi'),  
( 15, 'OBsiMPaTER', 'u5A3n6IrB321RcrlXrb2'),
( 16, 'rEAvICKNEw', 'Aw594a8sLydAM0SP265x'),
( 17, 'TRysiONaRM', 'Xa1WI20iDlert71pL4Bm'),  -- ОСББ
( 18, 'cRISTrIseb', 'uO6802pNvv32UhQ904Yx'),
( 19, 'IsHENatocI', '3U96h8221cc5TYeUPb1c'),  
( 20, 'SEnTypitUF', 'M60e2e5SvS4K0VPnU5zM'),  
( 21, 'ROurIaTERN', '1mK95yBEx4Wjp8CnFs6L'),  -- Звичайні юзери
( 22, 'RegousCROg', 'J3o40HLZlHd3X0gq62NJ'),
( 23, 'MenVACkbeN', 'jK12896SGzOnC56g42zs'),
( 24, 'ankiNOXyLa', 'vVkI3z7qFD2tjC0EZsCs'),
( 25, 'FinETABoUG', '6rX33U4j6JOKEpRehMDY')

--Таблиця "Органи місцевого самоврядування"
--  потрібно заповнити стовпці:
--    * ID людини, яка є робітником ОМС
Insert into OMS_Participants (PersonID) values
(9),
(10),
(11)

--Таблиця "Органи районного самоврядування"
--  потрібно заповнити стовпці:
--    * ID людини, яка є робітником ОРС
Insert into ORS_Participants (PersonID) values
(12),
(13),
(14),
(15),
(16)

--Таблиця "Об'єднання співвласників місцевого самоврядування"
--  потрібно заповнити стовпці:
--    * ID людини, яка є учасником ОСББ
Insert into OSBB_Participants (PersonID) values
(17),
(18),
(19), 
(20)

--Таблиця "Адміністратори"
--  потрібно заповнити стовпці:
--    * ID Людини, яка є адміністратором
Insert into Administrators (PersonID) values
(1),
(2)

--Таблиця "Обслуговуючий персонал"
--  потрібно заповнити стовпці:
--    * ID Людини
--    * Пост
Insert into Staff (PersonID, Post) values
(3, 'Інженер'),
(4, 'Інженер'),
(5, 'Інженер'),
(6, 'Інженер'),
(7, 'Інженер'),
(8, 'Інженер')

--Таблиця "Технічні роботи"
--  потрібно заповнити стовпці:
--    * ID відповідального робітника
--    * ID адреси проведення робіт
--    * Тип виконуваної роботи
--    * Статус виконання роботи
--    * Дата початку роботи
--    * Дата закінчення роботи
Insert into Maintenance (Staff, MaintAddress, MaintType, MaintStatus, MaintStartDate, MaintEndDate) values
( 4, , 'Ремонт котелень', 'Закінчено', '2023-09-01', '2023-09-08'),
( 8, , 'Установка датчиків температури повітря', 'Закінчено', '2023-09-28', '2023-09-28'),
( 4, , 'Усунення протікання', 'Закінчено', '2023-10-05', '2023-10-06'),
( 3, , 'Заміна засувок', 'Закінчено', '2023-10-18', '2023-10-20'),
( 5, , 'Установка датчиків тиску', 'Закінчено', '2023-10-30', '2023-10-30'),
( 5, , 'Перевірка справності тепломережі', 'Закінчено', '2023-11-03', '2023-11-06'),
( 6, , 'Заміна несправних датчиків', 'Закінчено', '2023-11-06', '2023-11-07'),
( 3, , 'Ремонт теплоізоляції', 'Закінчено', '2023-11-07', '2023-11-12'),
( 7, , 'Ремонт датчиків температури теплоносія', 'Закінчено', '2023-11-29', '2023-12-02'),
( 8, , 'Заміна труб у тепломережі', 'Заявку затверджено, очікування поставки потрібних матеріалів', '2023-12-16', Null)